gamePin,formData
lnOKNu,"[
    { word: ""Lantern"", clue: ""Portable light source used outdoors"" },
    { word: ""Mirage"", clue: ""Illusion seen in the desert or on hot roads"" },
    {
      word: ""Rip"",
      clue: ""A small hole in your jeans"",
    },
    {
      word: ""Whistle"",
      clue: ""A high-pitched sound, often used to catch attention"",
    },
    { word: ""Orbit"", clue: ""The path a planet takes around a star"" },

  ]"
oaKhVU,"[
    { word: ""Lantern"", clue: ""Portable light source used outdoors"" },
    { word: ""Mirage"", clue: ""Illusion seen in the desert or on hot roads"" },
    {
      word: ""Rip"",
      clue: ""A small hole in your jeans"",
    },
    {
      word: ""Whistle"",
      clue: ""A high-pitched sound, often used to catch attention"",
    },
    { word: ""Orbit"", clue: ""The path a planet takes around a star"" },

  ]"